,mutant,time_start,time_end,dg std. (kcal/mol),ddg std. (kcal/mol)
0,v14g,0,10000,0.3454908987497554,0.3928337029341882
1,t16g,0,10000,0.1487423239504883,0.7282165350359724
2,q18g,0,10000,0.7682044369760018,0.8824801846182591
3,i19g,0,10000,0.4650222395944848,0.7941195417123763
4,t16g_i19g,0,10000,0.8393984156618366,1.0411036848747017
5,v14g,0,20000,0.4912359677439311,0.5783314061757882
6,t16g,0,20000,0.2652276448419999,0.8772541065889757
7,q18g,0,20000,0.5398273679212975,0.5877745724698503
8,i19g,0,20000,0.7618421969297433,1.0732965985080032
9,t16g_i19g,0,20000,0.6503817291845304,0.7603185749712059
10,v14g,0,30000,0.4412214293362881,0.5958829342749258
11,t16g,0,30000,0.1892723913392187,0.8343960851965064
12,q18g,0,30000,0.3838948870390727,0.41164682120199914
13,i19g,0,30000,0.7896170785762058,1.1918285379338036
14,t16g_i19g,0,30000,0.5044908675294296,0.6955560275843705
15,v14g,0,40000,0.4826645316022095,0.6711116458384007
16,t16g,0,40000,0.2050748526113643,0.7843063930151655
17,q18g,0,40000,0.3922268737011534,0.4490470851600593
18,i19g,0,40000,0.8105609789209556,1.1649678246278612
19,t16g_i19g,0,40000,0.3731072878367961,0.67201078356259
20,v14g,0,50000,0.495264093553193,0.6800126207565851
21,t16g,0,50000,0.2522538476459194,0.820583395649174
22,q18g,0,50000,0.5710535189443507,0.6082137682603397
23,i19g,0,50000,0.7571401481424209,1.0737302049521789
24,t16g_i19g,0,50000,0.3160342417193325,0.7047441244728354
25,v14g,0,60000,0.4999226388402945,0.7496580002433829
26,t16g,0,60000,0.2659153963917957,0.8229414101694779
27,q18g,0,60000,0.5993858180715539,0.6269492041334588
28,i19g,0,60000,0.7265158292559667,1.0085299387522608
29,t16g_i19g,0,60000,0.3431952285188632,0.7258796998483991
30,v14g,0,70000,0.5393057450794652,0.838916918124832
31,t16g,0,70000,0.2270067709545816,0.8673894342879247
32,q18g,0,70000,0.5864329695798982,0.6008099359916178
33,i19g,0,70000,0.7141825580745407,0.9783325546860434
34,t16g_i19g,0,70000,0.3783061395485248,0.6654342561216587
35,v14g,0,80000,0.5486410098087244,0.8891925134838612
36,t16g,0,80000,0.2116887060300783,0.873967657771026
37,q18g,0,80000,0.5920826618666073,0.6051969881641222
38,i19g,0,80000,0.7621270748355254,1.0104950973591156
39,t16g_i19g,0,80000,0.4558520073673132,0.706693545491414
40,v14g,0,90000,0.5593887028362617,0.9211926293473601
41,t16g,0,90000,0.2356634946368025,0.8201726141617195
42,q18g,0,90000,0.5317648904768494,0.5532559372797347
43,i19g,0,90000,0.7630901156405632,0.9859502509227752
44,t16g_i19g,0,90000,0.5004449979868593,0.7467599722332392
45,v14g,0,100000,0.5534747440076878,0.9569956593131118
46,t16g,0,100000,0.2501909137316041,0.766954456216368
47,q18g,0,100000,0.5169966937386504,0.5680898084826329
48,i19g,0,100000,0.7936987352478487,0.986885245830364
49,t16g_i19g,0,100000,0.5199951766286568,0.7625504761032406
