,mutant,dg std. (kcal/mol),time_start_perc,time_end_perc,ddg std. (kcal/mol)
0,v14g,0.9746794344808962,10.0,100,1.043518088008061
9,t16g,0.32835955902029085,10.0,100,1.805599623393846
18,q18g,0.6522499520889184,10.0,100,0.7948899294870949
27,i19g,1.5450663416177313,10.0,100,2.543599811291077
36,t16g_i19g,1.1689653544908847,10.0,100,2.2599623890675704
1,v14g,0.9663746685421756,20.0,100,1.033977756047005
10,t16g,0.41487347468836894,20.0,100,2.179277403177484
19,q18g,0.6723986912539286,20.0,100,0.8598546388779882
28,i19g,1.3575971420123132,20.0,100,2.4550498976599235
37,t16g_i19g,1.2130004122010845,20.0,100,2.4997399864785943
2,v14g,0.9687620966986685,30.0,100,1.1245132280235748
11,t16g,0.49424690186181336,30.0,100,2.291257296769614
20,q18g,0.7664398215124278,30.0,100,0.9712157329862416
29,i19g,1.346428609321712,30.0,100,2.5285054874371937
38,t16g_i19g,1.1563390506248585,30.0,100,2.705414940448138
3,v14g,1.0287613911884526,40.0,100,1.2975823673277933
12,t16g,0.4912534987152759,40.0,100,2.4529166312779562
21,q18g,0.8089622982562327,40.0,100,0.9862149867042206
30,i19g,1.541369520913139,40.0,100,3.0517699782257512
39,t16g_i19g,0.9984588123703455,40.0,100,2.672814995468261
4,v14g,1.1528963526700913,50.0,100,1.5152854516558916
13,t16g,0.5007494383421709,50.0,100,2.5108703670241512
22,q18g,0.8222347596641726,50.0,100,0.9618679743083242
31,i19g,1.3864523071494386,50.0,100,3.0451075514667787
40,t16g_i19g,1.124424297140541,50.0,100,2.9104999570520524
5,v14g,1.162123057167355,60.0,100,1.5724058000401802
14,t16g,0.5355091035640757,60.0,100,2.590528903525302
23,q18g,0.8750828532201934,60.0,100,0.9692007016093185
32,i19g,1.4111945294678545,60.0,100,3.09141391599378
41,t16g_i19g,1.0623464594942649,60.0,100,2.724189787808478
6,v14g,1.1311056537742172,70.0,100,1.5197039185315009
15,t16g,0.6483594681964616,70.0,100,2.7974845844079286
24,q18g,0.7057053209378561,70.0,100,0.8126315278156525
33,i19g,1.4838059172277216,70.0,100,3.109993569125184
42,t16g_i19g,0.8520680723979747,70.0,100,2.3184240336918527
7,v14g,1.2025930317443223,80.0,100,1.6332360515247026
16,t16g,0.624715935445862,80.0,100,2.9351643906261877
25,q18g,0.385447791536024,80.0,100,0.5554187609362861
34,i19g,1.895006596294588,80.0,100,3.368259194302006
43,t16g_i19g,0.931090758197073,80.0,100,2.3599576267382427
8,v14g,0.6857623495060078,90.0,100,1.6296594736324517
17,t16g,0.8882961217972307,90.0,100,3.696379309540622
26,q18g,0.4610314522893188,90.0,100,0.6531615420399443
35,i19g,2.5419618407836104,90.0,100,3.9416925298658185
44,t16g_i19g,1.5729494588193222,90.0,100,2.541755299001066
